{
  "best_config": [
    [
      "entry_z",
      1.0
    ],
    [
      "window",
      10.0
    ]
  ],
  "best_sharpe": 1.269526264778617,
  "command": "optim_grid",
  "configs": [
    [
      [
        "entry_z",
        1.0
      ],
      [
        "window",
        5.0
      ]
    ],
    [
      [
        "entry_z",
        1.0
      ],
      [
        "window",
        10.0
      ]
    ],
    [
      [
        "entry_z",
        1.0
      ],
      [
        "window",
        20.0
      ]
    ],
    [
      [
        "entry_z",
        1.0
      ],
      [
        "window",
        40.0
      ]
    ],
    [
      [
        "entry_z",
        1.5
      ],
      [
        "window",
        5.0
      ]
    ],
    [
      [
        "entry_z",
        1.5
      ],
      [
        "window",
        10.0
      ]
    ],
    [
      [
        "entry_z",
        1.5
      ],
      [
        "window",
        20.0
      ]
    ],
    [
      [
        "entry_z",
        1.5
      ],
      [
        "window",
        40.0
      ]
    ],
    [
      [
        "entry_z",
        2.0
      ],
      [
        "window",
        5.0
      ]
    ],
    [
      [
        "entry_z",
        2.0
      ],
      [
        "window",
        10.0
      ]
    ],
    [
      [
        "entry_z",
        2.0
      ],
      [
        "window",
        20.0
      ]
    ],
    [
      [
        "entry_z",
        2.0
      ],
      [
        "window",
        40.0
      ]
    ],
    [
      [
        "entry_z",
        2.5
      ],
      [
        "window",
        5.0
      ]
    ],
    [
      [
        "entry_z",
        2.5
      ],
      [
        "window",
        10.0
      ]
    ],
    [
      [
        "entry_z",
        2.5
      ],
      [
        "window",
        20.0
      ]
    ],
    [
      [
        "entry_z",
        2.5
      ],
      [
        "window",
        40.0
      ]
    ]
  ],
  "dsr": {
    "dsr": 0.9530538590185038,
    "expected_max_sharpe": 0.04256743590150417,
    "n_trials": 16,
    "passed": true,
    "psr": 0.9998292657814674
  },
  "n_configs": 16,
  "n_oos": 1953,
  "passed": true,
  "pbo": {
    "n_splits": 252,
    "passed": true,
    "pbo": 0.07936507936507936
  },
  "reality_check": {
    "p_value": 0.0069965017491254375,
    "passed": true
  },
  "run_id": "027cf74669b432ab",
  "schema_version": 1,
  "sharpes": [
    0.5926890654251004,
    1.269526264778617,
    0.9989423959559709,
    0.6592662856101578,
    0.1642325030464255,
    0.743472381564759,
    0.6997252273499663,
    0.6414884330365572,
    0.0,
    0.12441930352228339,
    0.23206368820516649,
    0.26758917766605944,
    0.0,
    0.0,
    0.3630497625212736,
    0.3630738155318908
  ],
  "snapshot_id": null,
  "spa": {
    "p_value": 0.005997001499250375,
    "passed": true
  },
  "symbol": "AAPL"
}